{"cameraMode":{"drawMode":0,"name":"Shaded","section":"Shading Mode"},"sceneLighting":true,"audioPlay":false,"sceneViewState":{"m_AlwaysRefresh":false,"showFog":true,"showSkybox":true,"showFlares":true,"showImageEffects":true,"showParticleSystems":true,"showVisualEffectGraphs":true,"m_FxEnabled":true},"in2DMode":false,"pivot":{"x":194.81942749023438,"y":23.50042724609375,"z":86.89283752441406},"rotation":{"x":-0.07642935961484909,"y":0.003216093871742487,"z":-0.0001424738293280825,"w":-0.9971280694007874},"size":455.2765808105469,"orthographic":false}